Date,Cell No.,SV,SI,AL,EL,AA,AFA,AFAT,AC,MR,ZZ,BD,Cell temperature
2019/11/14,8108,4.1,362.73,305,180,2682,20,5,3.48,2.45,11,3,924
2019/11/15,8108,4.1,362.64,300,190,2675,28,7,3.48,2.45,10,3,924
2019/11/16,8108,4.1,362.6,300,190,2670,24,6,3.48,2.45,14,2,928
2019/11/17,8108,4.1,362.48,295,180,2660,28,7,3.48,2.45,7,1,927
2019/11/18,8108,4.1,362.52,295,180,2615,28,7,3.1,2.48,6,1,927
2019/11/19,8108,4.1,362.8,300,190,2630,28,7,3.1,2.48,10,2,926
2019/11/20,8108,4.1,362.62,305,170,2720,28,7,3.1,2.48,6,2,928
2019/11/21,8108,4.1,362.62,300,180,2725,24,6,3.46,2.53,4,1,923
2019/11/22,8108,4.1,362.61,305,170,2746,28,7,3.46,2.53,4,1,923
2019/11/23,8108,4.1,362.59,300,180,2710,36,9,3.46,2.53,10,2,927
2019/11/24,8108,4.1,362.99,305,180,2710,36,9,3.46,2.53,4,1,926
2019/11/25,8108,4.096,362.7,310,160,2710,36,9,3.83,2.52,5,1,928
2019/11/26,8108,4.09,362.63,315,160,2735,36,9,3.83,2.52,9,2,923
2019/11/27,8108,4.09,362.58,305,170,2740,36,9,3.83,2.52,4,1,926
2019/11/28,8108,4.09,362.58,300,170,2725,36,9,3.6,2.52,4,1,927
2019/11/29,8108,4.09,362.65,300,170,2775,40,10,3.6,2.52,4,1,927
2019/11/30,8108,4.09,362.55,295,180,2685,40,10,3.6,2.52,9,2,929
2019/12/1,8108,4.09,362.583,300,160,2700,40,10,3.6,2.52,6,2,935
2019/12/2,8108,4.09,362.58,300,150,2695,40,10,3.06,2.45,4,1,934
2019/12/3,8108,4.09,362.51,300,170,2735,36,9,3.06,2.45,4,1,929
2019/12/4,8108,4.09,362.56,290,170,2710,36,9,3.06,2.45,7,2,926
2019/12/5,8108,4.09,362.47,295,170,2705,36,9,2.84,2.43,4,1,923
2019/12/6,8108,4.09,362.58,290,180,2715,32,8,2.84,2.43,4,1,922
2019/12/7,8108,4.09,362.95,295,160,2650,32,8,2.84,2.43,4,1,923
2019/12/8,8108,4.086,362.61,300,160,2660,32,8,2.84,2.43,4,1,922
2019/12/9,8108,4.08,362.5,305,160,2670,24,6,2.84,2.43,9,3,931
2019/12/10,8108,4.08,362.63,305,160,2660,24,6,2.84,2.43,8,2,929
2019/12/11,8108,4.08,362.49,305,150,2680,24,6,2.84,2.43,5,1,931
2019/12/12,8108,4.08,362.53,300,160,2645,24,6,2.89,2.42,7,1,942
2019/12/13,8108,4.08,362.63,305,160,2690,24,6,2.89,2.42,4,1,931
2019/12/14,8108,4.08,362.57,310,170,2650,24,6,2.89,2.42,8,1,930
2019/12/15,8108,4.08,362.67,305,160,2660,24,6,2.89,2.42,6,1,924
2019/12/16,8108,4.08,362.55,300,160,2665,24,6,3.15,2.44,8,2,930
2019/12/17,8108,4.08,362.94,305,150,2670,24,6,3.15,2.44,5,1,924
2019/12/18,8108,4.08,362.89,300,170,2680,24,6,3.15,2.44,8,2,924
2019/12/19,8108,4.08,363.1,305,160,2655,28,7,2.95,2.46,8,1,926
2019/12/20,8108,4.08,362.61,300,160,2645,28,7,2.95,2.46,5,1,925
2019/12/21,8108,4.08,362.69,305,160,2615,24,6,2.95,2.46,3,1,928
2019/12/22,8108,4.075,362.75,310,170,2630,32,8,2.95,2.46,6,1,923
2019/12/23,8108,4.07,362.65,310,140,2635,36,9,3.21,2.52,7,1,928
2019/12/24,8108,4.07,362.68,305,170,2610,40,10,3.21,2.52,5,1,926
2019/12/25,8108,4.07,362.65,300,180,2635,40,10,3.21,2.52,4,1,926
2019/12/26,8108,4.07,362.56,300,160,2545,40,10,2.94,2.5,4,1,929
2019/12/27,8108,4.07,362.64,305,180,2390,40,10,2.94,2.5,7,2,926
2019/12/28,8108,4.07,362.51,300,160,2409,36,9,2.94,2.5,6,2,927
2019/12/29,8108,4.07,362.57,305,160,2510,40,10,2.94,2.5,6,1,929
2019/12/30,8108,4.07,362.81,300,200,2595,40,10,2.44,2.53,6,1,930
2019/12/31,8108,4.07,362.56,305,160,2680,40,10,2.44,2.53,4,1,928
2020/1/1,8108,4.07,362.52,310,160,2690,44,11,2.44,2.53,7,2,926
2020/1/2,8108,4.07,362.69,310,150,2695,44,11,2.73,2.47,9,2,932
2020/1/3,8108,4.07,362.53,305,170,2715,44,11,2.73,2.47,7,2,932
2020/1/4,8108,4.103,362.68,305,180,2695,40,10,2.73,2.47,6,2,926
2020/1/5,8108,4.141,362.59,305,160,2720,40,10,2.73,2.47,5,2,929
2020/1/6,8108,4.118,362.73,300,160,2740,40,10,2.88,2.52,5,1,931
2020/1/7,8108,4.11,362.63,305,170,2775,44,11,2.88,2.52,6,1,927
2020/1/8,8108,4.106,362.66,310,180,2750,44,11,2.88,2.52,5,1,928
2020/1/9,8108,4.096,362.61,310,170,2765,44,11,2.56,2.47,8,2,927
2020/1/10,8108,4.09,362.66,310,170,2770,44,11,2.56,2.47,12,3,926
2020/1/11,8108,4.09,362.58,305,170,2785,40,10,2.56,2.47,10,2,925
2020/1/12,8108,4.09,362.57,310,170,2735,44,11,2.56,2.47,10,4,927
2020/1/13,8108,4.09,362.54,310,180,2717,44,11,3.9,2.5,6,2,924
2020/1/14,8108,4.09,362.51,315,170,2755,44,11,3.9,2.5,4,1,937
2020/1/15,8108,4.09,362.55,320,180,2735,44,11,3.9,2.5,8,3,931
2020/1/16,8108,4.09,362.62,315,160,2715,44,11,4.16,2.45,7,2,924
2020/1/17,8108,4.09,362.64,310,160,2720,36,9,4.16,2.45,7,2,921
2020/1/18,8108,4.09,362.67,305,150,2655,40,10,4.16,2.45,6,1,923
2020/1/19,8108,4.09,362.92,310,140,2660,40,10,4.16,2.45,11,3,924
2020/1/20,8108,4.09,362.65,310,140,2650,40,10,3.84,2.47,11,2,928
2020/1/21,8108,4.09,362.69,315,130,2690,40,10,3.84,2.47,14,3,924
2020/1/22,8108,4.09,362.55,310,160,2660,44,11,3.84,2.47,10,1,923
2020/1/23,8108,4.085,362.44,305,160,2690,40,10,4.54,2.44,10,1,923
2020/1/24,8108,4.08,362.49,295,170,2730,40,10,4.54,2.44,5,1,922
2020/1/25,8108,4.08,362.52,300,160,2660,36,9,4.54,2.44,8,3,927
2020/1/26,8108,4.134,362.5,305,150,2650,24,6,4.54,2.44,8,3,930
2020/1/27,8108,4.2,362.6,310,170,2655,12,3,4.83,2.43,9,3,925
2020/1/28,8108,4.2,362.46,310,170,2660,24,6,4.83,2.43,7,2,931
2020/1/29,8108,4.2,362.55,300,170,2650,36,9,4.83,2.43,8,2,927
2020/1/30,8108,4.2,362.53,295,180,2660,4,1,4,2.44,4,1,927
2020/1/31,8108,4.187,362.5,300,160,2685,8,2,4,2.44,6,1,923
2020/2/1,8108,4.166,362.41,300,160,2710,32,8,4,2.44,11,4,924
2020/2/2,8108,4.16,362.45,305,150,2690,28,7,4,2.44,8,3,926
2020/2/3,8108,4.16,362.55,315,140,2685,32,8,4.24,2.49,6,2,928
2020/2/4,8108,4.16,362.5,300,150,2656,36,9,4.24,2.49,10,3,930
2020/2/5,8108,4.16,362.54,305,150,2665,36,9,4.24,2.49,11,3,930
2020/2/6,8108,4.16,362.54,300,170,2685,36,9,3.88,2.5,7,2,928
2020/2/7,8108,4.16,362.51,295,150,2640,36,9,3.88,2.5,9,2,926
2020/2/8,8108,4.161,362.51,295,180,2735,36,9,3.88,2.5,10,3,928
2020/2/9,8108,4.168,362.47,295,170,2655,36,9,3.88,2.5,17,3,930
2020/2/10,8108,4.16,362.56,300,180,3005,36,9,4.25,2.5,5,1,928
2020/2/11,8108,4.16,362.65,305,170,3000,36,9,4.25,2.5,7,2,927
2020/2/12,8108,4.16,362.62,305,180,3000,36,9,4.25,2.5,4,1,926
2020/2/13,8108,4.16,362.59,300,180,2995,36,9,3.49,2.48,8,2,926
2020/2/14,8108,4.16,362.4,295,160,2675,36,9,3.49,2.48,4,1,924
2020/2/15,8108,4.157,362.37,290,160,2670,36,9,3.49,2.48,6,1,926
2020/2/16,8108,4.15,362.51,285,170,2640,36,9,3.49,2.48,7,2,924
2020/2/17,8108,4.15,362.49,295,160,2630,36,9,3.46,2.43,6,2,926
2020/2/18,8108,4.15,362.52,295,160,2690,32,8,3.46,2.43,4,1,924
2020/2/19,8108,4.15,362.67,305,180,2665,32,8,3.46,2.43,5,2,924
2020/2/20,8108,4.15,362.62,310,170,2685,28,7,3.15,2.5,6,1,922
2020/2/21,8108,4.15,362.57,310,160,2735,28,7,3.15,2.5,6,1,922
2020/2/22,8108,4.148,362.57,310,150,2745,32,8,3.15,2.5,3,1,925
2020/2/23,8108,4.14,362.59,315,140,2700,36,9,3.15,2.5,6,1,923
2020/2/24,8108,4.136,362.57,305,160,2740,36,9,4.22,2.45,4,1,926
2020/2/25,8108,4.13,362.64,305,130,2700,36,9,4.22,2.45,6,1,922
2020/2/26,8108,4.13,362.6,310,140,2670,32,8,4.22,2.45,8,1,925
2020/2/27,8108,4.13,362.53,310,150,2665,32,8,3.46,2.44,14,1,924
2020/2/28,8108,4.13,362.54,315,160,2720,28,7,3.46,2.44,20,1,924
2020/2/29,8108,4.13,362.57,310,180,2700,36,9,3.46,2.44,11,3,925
2020/3/1,8108,4.13,362.57,310,170,2720,28,7,3.46,2.44,5,1,923
2020/3/2,8108,4.13,362.48,320,160,2685,32,8,3.1,2.42,4,1,921
2020/3/3,8108,4.13,362.46,320,130,2710,28,7,3.1,2.42,17,3,924
2020/3/4,8108,4.13,362.82,320,150,2700,28,7,3.1,2.42,11,2,924
2020/3/5,8108,4.13,362.61,320,150,2705,28,7,3.96,2.52,3,1,926
2020/3/6,8108,4.13,362.62,315,170,2710,28,7,3.96,2.52,5,1,920
2020/3/7,8108,4.169,362.63,310,180,2760,32,8,3.96,2.52,8,2,930
2020/3/8,8108,4.191,362.59,315,130,2735,36,9,3.96,2.52,5,2,931
2020/3/9,8108,4.173,362.59,305,160,2685,36,9,3.14,2.46,4,1,929
2020/3/10,8108,4.16,362.55,305,170,2765,36,9,3.14,2.46,5,2,929
2020/3/11,8108,4.16,362.93,310,180,2760,36,9,3.14,2.46,5,1,926
2020/3/12,8108,4.16,362.69,305,150,2765,36,9,2.97,2.46,5,2,928
2020/3/13,8108,4.16,362.59,305,160,2760,36,9,2.97,2.46,4,1,924
2020/3/14,8108,4.16,362.59,310,160,2775,36,9,2.97,2.46,4,2,923
2020/3/15,8108,4.16,362.62,310,160,2750,36,9,2.97,2.46,5,1,922
2020/3/16,8108,4.16,362.62,310,170,2765,36,9,3.13,2.53,6,1,924
2020/3/17,8108,4.16,362.51,305,170,2745,36,9,3.13,2.53,3,1,930
2020/3/18,8108,4.16,362.55,305,160,2720,40,10,3.13,2.53,4,1,928
2020/3/19,8108,4.16,362.62,310,180,2680,40,10,2.98,2.53,4,1,933
2020/3/20,8108,4.16,362.69,315,160,2612,44,11,2.98,2.53,4,1,928
2020/3/21,8108,4.16,362.62,320,140,2665,44,11,2.98,2.53,4,1,928
2020/3/22,8108,4.16,362.54,325,170,2685,44,11,2.98,2.53,6,1,927
2020/3/23,8108,4.16,362.63,330,150,2731,44,11,3.7,2.47,6,2,932
2020/3/24,8108,4.16,362.55,320,180,2700,44,11,3.7,2.47,5,1,929
2020/3/25,8108,4.16,362.55,315,160,2715,44,11,3.7,2.47,5,1,925
2020/3/26,8108,4.16,362.67,310,170,2675,44,11,3.35,2.46,9,2,925
2020/3/27,8108,4.16,362.56,315,150,2675,44,11,3.35,2.46,6,1,926
2020/3/28,8108,4.16,362.59,320,160,2685,36,9,3.35,2.46,9,1,923
2020/3/29,8108,4.16,362.65,320,170,2705,36,9,3.35,2.46,8,2,926
2020/3/30,8108,4.16,362.7,325,140,2640,36,9,3.01,2.43,10,2,924
2020/3/31,8108,4.16,362.66,330,120,2695,36,9,3.01,2.43,16,3,930
2020/4/1,8108,4.16,362.61,325,140,2695,36,9,3.01,2.43,19,5,926
2020/4/2,8108,4.16,362.67,320,170,2695,28,7,3.14,2.39,13,2,926
2020/4/3,8108,4.16,362.69,320,160,2720,16,4,3.14,2.39,10,2,927
2020/4/4,8108,4.16,362.73,320,160,2770,36,9,3.14,2.39,9,2,928
2020/4/5,8108,4.16,362.69,315,170,2760,36,9,3.14,2.39,6,2,927
2020/4/6,8108,4.16,362.62,310,160,2715,36,9,2.98,2.49,5,1,932
2020/4/7,8108,4.158,362.76,305,170,2685,44,11,2.98,2.49,9,1,927
2020/4/8,8108,4.15,363.38,295,170,2695,44,11,2.98,2.49,8,1,928
2020/4/9,8108,4.15,362.66,290,160,2670,40,10,2.93,2.43,4,1,926
2020/4/10,8108,4.15,362.62,300,180,2665,40,10,2.93,2.43,5,2,930
2020/4/11,8108,4.15,362.75,295,150,2660,40,10,2.93,2.43,7,2,931
2020/4/12,8108,4.15,362.54,300,160,2660,36,9,2.93,2.43,10,3,932
2020/4/13,8108,4.15,362.62,295,160,2650,40,10,2.59,2.46,8,2,929
2020/4/14,8108,4.15,362.8,305,170,2680,40,10,2.59,2.46,6,2,927
2020/4/15,8108,4.15,362.68,315,180,2695,40,10,2.59,2.46,13,2,929
2020/4/16,8108,4.15,362.68,315,160,2700,40,10,3.08,2.49,6,1,932
2020/4/17,8108,4.15,362.67,310,180,2690,44,11,3.08,2.49,8,1,931
2020/4/18,8108,4.15,362.75,300,160,2665,40,10,3.08,2.49,7,1,927
2020/4/19,8108,4.15,362.64,300,150,2645,40,10,3.08,2.49,5,1,927
2020/4/20,8108,4.15,362.65,290,170,2680,40,10,3.2,2.48,3,1,925
2020/4/21,8108,4.15,362.73,300,170,2600,40,10,3.2,2.48,3,1,928
2020/4/22,8108,4.15,362.64,305,160,2590,40,10,3.2,2.48,3,2,932
2020/4/23,8108,4.15,362.61,300,180,2595,40,10,2.78,2.43,5,1,929
2020/4/24,8108,4.15,362.71,315,170,2590,40,10,2.78,2.43,3,1,929
2020/4/25,8108,4.15,362.71,315,180,2630,36,9,2.78,2.43,6,2,932
2020/4/26,8108,4.15,362.7,320,160,2645,32,8,2.78,2.43,7,2,931
2020/4/27,8108,4.15,362.75,340,160,2710,32,8,2.62,2.47,14,2,931
2020/4/28,8108,4.15,362.42,330,180,2710,32,8,2.62,2.47,11,1,927
2020/4/29,8108,4.15,362.81,320,150,2710,36,9,2.62,2.47,15,4,928
2020/4/30,8108,4.15,362.75,330,140,2725,36,9,3.21,2.46,10,1,931
2020/5/1,8108,4.15,362.65,330,150,2695,36,9,3.21,2.46,7,1,927
2020/5/2,8108,4.15,362.74,330,150,2715,28,7,3.21,2.46,6,1,930
2020/5/3,8108,4.15,362.81,325,160,2685,24,6,3.21,2.46,3,1,927
2020/5/4,8108,4.15,362.61,320,160,2778,24,6,3.47,2.5,2,0,933
2020/5/5,8108,4.146,362.63,310,180,2640,24,6,3.47,2.5,4,1,930
2020/5/6,8108,4.14,362.67,320,150,2665,24,6,3.47,2.5,3,1,929
2020/5/7,8108,4.14,362.57,330,150,2685,24,6,4.46,2.63,4,1,929
2020/5/8,8108,4.14,362.57,320,150,2750,24,6,4.46,2.63,6,1,925
2020/5/9,8108,4.14,362.64,325,150,2630,24,6,4.46,2.63,7,2,927
2020/5/10,8108,4.14,362.59,320,170,2775,24,6,4.46,2.63,4,1,925
2020/5/11,8108,4.14,362.73,325,160,2675,24,6,2.82,2.49,4,1,928
2020/5/12,8108,4.14,362.56,320,160,2710,24,6,2.82,2.49,4,1,927
2020/5/13,8108,4.14,362.76,315,200,2720,20,5,2.82,2.49,5,2,928
2020/5/14,8108,4.14,362.75,310,150,2700,24,6,3.07,2.58,5,2,930
2020/5/15,8108,4.14,362.72,305,140,2645,24,6,3.07,2.58,3,1,927
2020/5/16,8108,4.14,362.65,300,170,2645,24,6,3.07,2.58,3,1,928
2020/5/17,8108,4.14,362.82,295,160,2655,24,6,3.07,2.58,3,1,927
2020/5/18,8108,4.14,362.67,295,170,2590,24,6,2.19,2.62,3,1,932
2020/5/19,8108,4.138,362.79,300,160,2575,20,5,2.19,2.62,4,1,932
2020/5/20,8108,4.135,362.79,300,160,2600,24,6,2.19,2.62,3,1,929
2020/5/21,8108,4.138,362.9,290,160,2652,24,6,3.02,2.57,5,1,927
2020/5/22,8108,4.14,362.87,295,160,2640,24,6,3.02,2.57,4,1,928
2020/5/23,8108,4.14,362.92,295,150,2645,24,6,3.02,2.57,3,0,931
2020/5/24,8108,4.14,362.88,300,160,2645,20,5,3.02,2.57,5,3,930
2020/5/25,8108,4.14,362.91,300,150,2670,24,6,3.02,2.57,4,1,929
2020/5/26,8108,4.14,362.87,310,130,2670,20,5,3.77,2.46,4,1,926
2020/5/27,8108,4.14,362.89,315,130,2720,24,6,3.77,2.46,4,1,928
2020/5/28,8108,4.136,362.85,310,130,2695,24,6,3.77,2.46,3,1,928
2020/5/29,8108,4.13,362.88,320,120,2645,24,6,3.11,2.57,7,1,930
2020/5/30,8108,4.13,362.82,325,140,2720,24,6,3.11,2.57,7,1,926
2020/5/31,8108,4.13,362.81,320,140,2705,24,6,3.11,2.57,6,1,929
2020/6/1,8108,4.13,362.83,315,150,2710,24,6,3.03,2.54,5,1,928
2020/6/2,8108,4.13,362.83,310,140,2685,20,5,3.03,2.54,6,1,928
2020/6/3,8108,4.13,362.91,310,150,2710,24,6,3.03,2.54,5,1,929
2020/6/4,8108,4.13,362.81,305,160,2715,24,6,2.98,2.67,5,1,929
2020/6/5,8108,4.13,362.89,310,150,2665,24,6,2.98,2.67,4,1,929
2020/6/6,8108,4.13,362.78,310,150,2660,24,6,2.98,2.67,4,1,929
2020/6/7,8108,4.13,362.82,310,160,2645,20,5,2.98,2.67,3,1,928
2020/6/8,8108,4.13,362.91,305,160,2670,20,5,3.32,2.56,4,1,930
2020/6/9,8108,4.13,362.65,310,170,2675,24,6,3.32,2.56,4,1,931
2020/6/10,8108,4.13,362.83,315,150,2660,24,6,3.32,2.56,8,1,929
2020/6/11,8108,4.13,362.81,330,140,2720,24,6,3.24,2.63,6,2,929
2020/6/12,8108,4.13,362.87,320,150,2700,24,6,3.24,2.63,4,1,926
2020/6/13,8108,4.13,362.73,315,150,2700,24,6,3.24,2.63,5,1,926
2020/6/14,8108,4.13,362.79,310,160,2735,20,5,3.24,2.63,5,1,928
2020/6/15,8108,4.13,362.81,310,160,2715,24,6,4.44,2.62,3,1,928
2020/6/16,8108,4.13,362.89,315,170,2700,24,6,4.44,2.62,6,1,931
2020/6/17,8108,4.137,362.79,320,160,2730,8,2,4.44,2.62,5,1,932
2020/6/18,8108,4.15,362.81,310,170,2705,12,3,2.32,2.59,6,1,930
2020/6/19,8108,4.15,362.89,300,170,2705,20,5,2.32,2.59,3,1,932
2020/6/20,8108,4.15,362.8,305,150,2640,20,5,2.32,2.59,5,1,934
2020/6/21,8108,4.15,362.77,300,170,2645,20,5,2.32,2.59,4,1,930
2020/6/22,8108,4.15,362.84,295,180,2655,20,5,2.39,2.5,4,1,926
2020/6/23,8108,4.15,362.87,295,170,2660,20,5,2.39,2.5,4,1,927
2020/6/24,8108,4.15,362.98,300,160,2655,20,5,2.39,2.5,4,1,926
2020/6/25,8108,4.15,362.88,310,160,2674,16,4,4.14,2.5,8,3,930
2020/6/26,8108,4.15,362.94,315,140,2705,20,5,4.14,2.5,4,1,926
2020/6/27,8108,4.15,362.97,315,160,2695,24,6,4.14,2.5,5,1,928
2020/6/28,8108,4.15,362.93,315,160,2705,24,6,4.14,2.5,5,1,931
2020/6/29,8108,4.15,362.73,315,160,2690,24,6,2.75,2.53,4,1,928
2020/6/30,8108,4.15,363.1,315,180,2705,24,6,2.75,2.53,9,2,926
2020/7/1,8108,4.15,362.91,305,160,2710,24,6,2.75,2.53,7,1,927
2020/7/2,8108,4.15,362.88,310,150,2710,24,6,4.64,2.48,7,1,927
2020/7/3,8108,4.15,362.89,310,160,2680,24,6,4.64,2.48,4,1,924
2020/7/4,8108,4.15,362.97,305,150,2700,20,5,4.64,2.48,5,1,925
2020/7/5,8108,4.15,362.91,305,150,2730,24,6,4.64,2.48,4,1,924
2020/7/6,8108,4.15,362.89,310,170,2710,24,6,2.75,2.52,6,1,926
2020/7/7,8108,4.15,362.88,310,170,2660,24,6,2.75,2.52,4,1,926
2020/7/8,8108,4.15,362.97,310,160,2655,24,6,2.75,2.52,4,1,927
2020/7/9,8108,4.15,362.86,305,170,2700,24,6,2.6,2.55,4,1,924
2020/7/10,8108,4.15,362.95,320,160,2675,24,6,2.6,2.55,3,1,920
2020/7/11,8108,4.15,363.4,320,160,2710,24,6,2.6,2.55,4,1,925
2020/7/12,8108,4.15,363.1,315,160,2690,24,6,2.6,2.55,9,2,923
2020/7/13,8108,4.15,362.9,320,170,2710,24,6,2.31,2.52,5,1,925
2020/7/14,8108,4.15,362.92,310,180,2685,24,6,2.31,2.52,4,1,922
2020/7/15,8108,4.15,362.97,325,180,2690,20,5,2.31,2.52,5,1,923
2020/7/16,8108,4.15,362.95,320,190,2695,20,5,3.68,2.56,4,1,925
2020/7/17,8108,4.15,362.88,310,180,2690,20,5,3.68,2.56,9,3,925
2020/7/18,8108,4.15,362.91,305,200,2705,20,5,3.68,2.56,12,2,926
2020/7/19,8108,4.15,362.88,305,210,2690,20,5,3.68,2.56,5,1,926
2020/7/20,8108,4.15,362.9292,300,170,2680,20,5,3.63,2.56,7,1,925
2020/7/21,8108,4.15,362.925,305,170,2710,20,5,3.63,2.56,7,1,925
2020/7/22,8108,4.15,362.97,300,180,2690,20,5,3.63,2.56,2,1,925
2020/7/23,8108,4.15,362.96,305,190,2715,20,5,3.48,2.63,3,1,926
2020/7/24,8108,4.15,362.94,295,200,2730,20,5,3.48,2.63,4,1,925
2020/7/25,8108,4.15,362.85,295,180,2661,20,5,3.48,2.63,5,1,923
2020/7/26,8108,4.15,362.89,300,150,2665,24,6,3.48,2.63,3,1,928
2020/7/27,8108,4.15,362.89,295,170,2675,32,8,3.35,2.65,4,1,930
2020/7/28,8108,4.149,362.91,300,180,2670,36,9,3.35,2.65,4,1,927
2020/7/29,8108,4.145,362.94,305,160,2695,36,9,3.35,2.65,3,2,927
2020/7/30,8108,4.145,362.91,305,160,2710,36,9,5.91,2.46,3,1,930
2020/7/31,8108,4.145,362.88,310,160,2650,36,9,5.91,2.46,2,1,927
2020/8/1,8108,4.145,362.9,305,160,2695,36,9,5.91,2.46,3,1,926
2020/8/2,8108,4.145,362.89,305,160,2690,40,10,5.91,2.46,5,1,926
2020/8/3,8108,4.145,362.93,300,160,2675,32,8,5.81,2.43,4,1,924
2020/8/4,8108,4.145,362.84,295,180,2695,28,7,5.81,2.43,3,1,930
2020/8/5,8108,4.145,362.9,300,160,2655,40,10,5.81,2.43,3,1,928
2020/8/6,8108,4.145,362.98,300,180,2645,44,11,4.74,2.38,3,1,926
2020/8/7,8108,4.145,362.9,315,160,2625,36,9,4.74,2.38,3,1,928
2020/8/8,8108,4.145,362.94,310,160,2670,40,10,4.74,2.38,3,1,925
2020/8/9,8108,4.145,363.07,305,160,2690,28,7,4.74,2.38,3,1,927
2020/8/10,8108,4.145,362.93,310,170,2680,32,8,4.54,2.36,3,1,925
2020/8/11,8108,4.145,363.05,320,160,2655,28,7,4.54,2.36,3,1,926
2020/8/12,8108,4.145,363.02,310,170,2640,28,7,4.54,2.36,3,1,924
2020/8/13,8108,4.145,363.06,310,160,2675,28,7,4.95,2.44,3,1,930
2020/8/14,8108,4.145,363,305,160,2635,32,8,4.95,2.44,3,1,933
2020/8/15,8108,4.145,362.92,310,150,2620,32,8,4.95,2.44,3,1,931
2020/8/16,8108,4.145,362.79,305,160,2690,28,7,4.95,2.44,3,1,928
2020/8/17,8108,4.145,362.93,310,170,2700,32,8,2.6,2.47,4,1,928
2020/8/18,8108,4.143,362.92,310,170,2675,32,8,2.6,2.47,3,1,930
2020/8/19,8108,4.14,362.87,300,170,2680,32,8,2.6,2.47,4,1,928
2020/8/20,8108,4.14,362.96,295,170,2670,32,8,2.96,2.51,7,1,929
2020/8/21,8108,4.136,362.88,295,150,2675,32,8,2.96,2.51,5,1,931
2020/8/22,8108,4.13,362.98,290,170,2675,32,8,2.96,2.51,3,1,932
2020/8/23,8108,4.13,362.91,305,170,2630,36,9,2.96,2.51,3,1,929
2020/8/24,8108,4.13,362.86,310,170,2655,36,9,2.87,2.55,4,1,930
2020/8/25,8108,4.13,362.9,315,170,2665,36,9,2.87,2.55,2,1,926
2020/8/26,8108,4.129,362.92,315,170,2695,36,9,2.87,2.55,3,1,930
2020/8/27,8108,4.125,362.86,315,150,2665,46.8,9,2.48,2.45,4,1,930
2020/8/28,8108,4.125,362.83,320,160,2685,41.6,8,2.48,2.45,3,1,930
2020/8/29,8108,4.125,362.89,310,160,2664,41.6,8,2.48,2.45,3,1,928
2020/8/30,8108,4.125,362.91,315,160,2715,32,8,2.48,2.45,3,1,928
2020/8/31,8108,4.125,362.9,325,150,2685,32,8,2.68,2.51,6,1,928
2020/9/1,8108,4.125,362.97,315,150,2685,32,8,2.68,2.51,4,1,928
2020/9/2,8108,4.125,362.92,330,130,2680,28,7,2.68,2.51,3,1,930
2020/9/3,8108,4.124,362.94,325,160,2700,32,8,2.42,2.53,4,2,930
2020/9/4,8108,4.122,362.92,330,150,2710,32,8,2.42,2.53,6,1,928
2020/9/5,8108,4.122,362.92,335,130,2705,36,9,2.42,2.53,6,1,929
2020/9/6,8108,4.122,362.94,335,150,2690,36,9,2.42,2.53,4,1,931
2020/9/7,8108,4.122,352.14,330,140,2695,36,9,2.59,2.46,4,1,929
2020/9/8,8108,4.121,362.93,335,140,2735,36,9,2.59,2.46,3,1,928
2020/9/9,8108,4.12,362.95,345,120,2710,32,8,2.59,2.46,6,1,932
2020/9/10,8108,4.12,362.96,350,140,2750,32,8,3.64,2.62,5,1,928
2020/9/11,8108,4.12,362.91,350,130,2750,32,8,3.64,2.62,6,1,930
2020/9/12,8108,4.12,362.92,345,120,2705,32,8,3.64,2.62,7,1,930
2020/9/13,8108,4.12,362.95,340,110,2730,36,9,3.64,2.62,8,2,932
2020/9/14,8108,4.12,353.52,350,120,2725,36,9,3.96,2.46,6,1,929
2020/9/15,8108,4.12,362.9,345,140,2760,36,9,3.96,2.46,10,1,929
2020/9/16,8108,4.12,362.93,340,150,2750,36,9,3.96,2.46,10,1,929
2020/9/17,8108,4.12,362.93,335,150,2725,36,9,3.25,2.46,4,1,927
2020/9/18,8108,4.12,362.64,335,150,2730,20,5,3.25,2.46,5,1,929
2020/9/19,8108,4.12,362.94,330,170,2685,12,3,3.25,2.46,4,1,931
2020/9/20,8108,4.12,362.93,325,160,2675,32,8,3.25,2.46,4,1,931
2020/9/21,8108,4.12,362.89,325,160,2700,32,8,2.23,2.56,18,2,934
2020/9/22,8108,4.12,362.91,330,160,2720,32,8,2.23,2.56,6,2,936
2020/9/23,8108,4.12,362.89,320,190,2700,32,8,2.23,2.56,6,1,936
2020/9/24,8108,4.12,362.96,310,160,2680,32,8,2.47,2.42,4,1,934
2020/9/25,8108,4.12,361.19,300,200,2670,32,8,2.47,2.42,3,1,930
2020/9/26,8108,4.12,362.91,305,170,2655,32,8,2.47,2.42,4,1,930
2020/9/27,8108,4.12,362.88,310,160,2630,32,8,2.47,2.42,5,1,928
2020/9/28,8108,4.12,362.9,330,140,2660,32,8,4.09,2.43,4,1,928
2020/9/29,8108,4.12,362.87,320,170,2680,24,6,4.09,2.43,4,1,932
2020/9/30,8108,4.12,362.85,315,170,2650,32,8,4.09,2.43,3,1,929
2020/10/1,8108,4.12,362.88,320,150,2650,32,8,2.75,2.45,3,2,930
2020/10/2,8108,4.12,362.99,320,170,2685,32,8,2.75,2.45,4,2,930
2020/10/3,8108,4.12,362.87,325,150,2675,32,8,2.75,2.45,5,1,932
2020/10/4,8108,4.12,362.85,325,170,2655,32,8,2.75,2.45,4,1,932
2020/10/5,8108,4.12,362.86,320,150,2685,32,8,2.67,2.49,4,1,930
2020/10/6,8108,4.12,362.89,320,190,2705,32,8,2.67,2.49,3,1,928
2020/10/7,8108,4.12,362.12,325,160,2700,32,8,2.67,2.49,5,1,932
2020/10/8,8108,4.12,362.86,330,150,2705,32,8,3.74,2.55,5,1,932
2020/10/9,8108,4.12,362.9,325,170,2705,32,8,3.74,2.55,5,1,931
2020/10/10,8108,4.12,362.92,325,170,2685,36,9,3.74,2.55,5,1,929
2020/10/11,8108,4.119,362.91,330,170,2700,32,8,3.74,2.55,3,1,931
2020/10/12,8108,4.117,362.91,325,150,2675,36,9,3.7,2.47,4,1,936
2020/10/13,8108,4.117,362.88,330,130,2720,32,8,3.7,2.47,4,1,932
2020/10/14,8108,4.117,362.86,330,150,2735,32,8,3.7,2.47,3,1,930
2020/10/15,8108,4.117,362.89,325,160,2680,32,8,2.75,2.42,4,1,930
2020/10/16,8108,4.117,362.89,320,160,2695,32,8,2.75,2.42,3,1,929
2020/10/17,8108,4.117,362.88,325,170,2690,32,8,2.75,2.42,4,1,928
2020/10/18,8108,4.117,362.85,330,140,2685,32,8,2.75,2.42,4,1,927
2020/10/19,8108,4.117,362.92,325,140,2695,32,8,2.85,2.49,7,1,929
2020/10/20,8108,4.117,362.89,320,160,2690,32,8,2.85,2.49,8,1,931
2020/10/21,8108,4.116,362.89,310,170,2685,32,8,2.85,2.49,8,1,929
2020/10/22,8108,4.115,362.85,305,170,2680,32,8,2.72,2.46,3,1,928
2020/10/23,8108,4.115,362.86,310,160,2655,28,7,2.72,2.46,3,1,933
2020/10/24,8108,4.115,362.83,310,170,2674,0,0,2.72,2.46,3,1,930
2020/10/25,8108,4.115,362.86,315,150,2655,0,0,2.72,2.46,5,1,929
2020/10/26,8108,4.115,362.86,325,150,2645,12,3,2.33,2.52,5,2,929
2020/10/27,8108,4.115,362.85,320,140,2675,32,8,2.33,2.52,3,1,930
2020/10/28,8108,4.115,362.9,320,180,2680,32,8,2.33,2.52,5,1,929
2020/10/29,8108,4.115,362.86,325,170,2675,32,8,2.3,2.5,4,1,932
2020/10/30,8108,4.115,362.86,330,150,2675,32,8,2.3,2.5,3,1,931
2020/10/31,8108,4.115,362.89,330,180,2685,32,8,2.3,2.5,4,2,928
2020/11/1,8108,4.115,362.86,320,150,2685,8,2,2.3,2.5,5,1,927
2020/11/2,8108,4.115,362.84,325,150,2690,0,0,3.17,2.45,4,1,933
2020/11/3,8108,4.115,362.9,320,200,2670,0,0,3.17,2.45,3,1,933
2020/11/4,8108,4.115,362.85,330,180,2695,0,0,3.17,2.45,4,2,931
2020/11/5,8108,4.115,362.84,340,170,2695,0,0,2.81,2.46,5,2,930
2020/11/6,8108,4.115,362.83,345,160,2695,16,4,2.81,2.46,4,3,928
2020/11/7,8108,4.114,362.86,345,160,2715,24,6,2.81,2.46,4,3,931
2020/11/8,8108,4.113,362.85,355,160,2710,28,7,2.81,2.46,3,1,926
2020/11/9,8108,4.113,362.9,345,160,2720,28,7,3.32,2.45,7,1,928
2020/11/10,8108,4.113,360.46,350,130,2710,28,7,3.32,2.45,3,2,928
2020/11/11,8108,4.111,362.83,340,190,2765,28,7,3.32,2.45,4,1,928
2020/11/12,8108,4.11,362.86,335,160,2740,24,6,3.54,2.47,4,1,925
2020/11/13,8108,4.11,362.87,340,150,2725,28,7,3.54,2.47,5,1,925
2020/11/14,8108,4.11,362.86,345,120,2715,28,7,3.54,2.47,5,1,928
2020/11/15,8108,4.11,362.88,340,130,2715,24,6,3.54,2.47,3,2,925
2020/11/16,8108,4.11,362.86,350,150,2720,28,7,3.54,2.47,4,1,926
2020/11/17,8108,4.11,362.84,340,150,2720,32,8,2.68,2.51,4,1,927
2020/11/18,8108,4.11,362.85,340,150,2700,32,8,2.68,2.51,4,1,929
2020/11/19,8108,4.107,362.84,340,160,2720,32,8,3.21,2.63,3,1,926
2020/11/20,8108,4.105,362.82,340,150,2730,28,7,3.21,2.63,3,1,928
2020/11/21,8108,4.105,362.79,340,140,2735,32,8,3.21,2.63,5,1,927
2020/11/22,8108,4.105,362.86,340,130,2710,32,8,3.21,2.63,4,1,928
2020/11/23,8108,4.105,362.87,330,140,2695,32,8,2.81,2.47,5,1,926
2020/11/24,8108,4.105,362.79,320,160,2700,32,8,2.81,2.47,3,1,927
2020/11/25,8108,4.105,362.86,325,160,2700,32,8,2.81,2.47,3,1,930
2020/11/26,8108,4.105,362.83,330,170,2695,32,8,2.81,2.47,5,1,926
2020/11/27,8108,4.105,362.83,335,180,2705,32,8,2.38,2.48,7,2,930
2020/11/28,8108,4.105,362.92,340,140,2720,32,8,2.38,2.48,4,1,928
2020/11/29,8108,4.105,362.83,335,160,2725,32,8,2.38,2.48,4,1,928
2020/11/30,8108,4.105,360.67,330,180,2710,32,8,2.64,2.51,3,0,927
2020/12/1,8108,4.105,362.89,335,150,2680,4,1,2.64,2.51,4,2,933
2020/12/2,8108,4.105,362.88,340,140,2675,0,0,2.64,2.51,4,1,933
2020/12/3,8108,4.105,362.85,340,150,2675,0,0,1.94,2.5,5,1,929
2020/12/4,8108,4.105,362.91,330,150,2660,0,0,1.94,2.5,6,1,931
2020/12/5,8108,4.105,362.85,340,180,2710,0,0,1.94,2.5,6,2,928
2020/12/6,8108,4.105,362.88,335,170,2685,0,0,1.94,2.5,4,2,929
2020/12/7,8108,4.105,342.73,345,160,2690,0,0,2.66,2.47,5,2,931
2020/12/8,8108,4.105,362.9,345,150,2690,16,4,2.66,2.47,14,4,930
2020/12/9,8108,4.105,362.87,345,150,2715,24,6,2.66,2.47,4,1,933
2020/12/10,8108,4.105,349.34,335,160,2680,24,6,2.37,2.51,4,2,931
2020/12/11,8108,4.105,362.84,345,150,2725,24,6,2.37,2.51,4,1,930
2020/12/12,8108,4.105,362.82,340,150,2690,24,6,2.37,2.51,12,3,931
2020/12/13,8108,4.105,362.85,340,170,2700,24,6,2.37,2.51,4,1,933
2020/12/14,8108,4.105,362.97,335,150,2695,24,6,2.59,2.43,3,1,930
2020/12/15,8108,4.105,363.03,340,160,2675,20,5,2.59,2.43,5,2,929
2020/12/16,8108,4.105,363,345,160,2680,20,5,2.59,2.43,3,1,927
2020/12/17,8108,4.105,363.23,350,140,2700,20,5,1.78,2.41,5,1,927
2020/12/18,8108,4.105,362.09,350,130,2730,20,5,1.78,2.41,4,1,933
2020/12/19,8108,4.105,363.36,350,150,2725,20,5,1.78,2.41,4,1,929
2020/12/20,8108,4.105,363.37,335,140,2715,20,5,1.78,2.41,4,2,929
2020/12/21,8108,4.105,363.45,345,120,2690,20,5,2.13,2.34,4,1,930
2020/12/22,8108,4.105,363.36,345,170,2700,20,5,2.13,2.34,3,1,931
2020/12/23,8108,4.105,363.52,350,160,2710,20,5,2.13,2.34,4,2,927
2020/12/24,8108,4.105,363.43,360,130,2715,20,5,2.33,2.42,5,1,930
2020/12/25,8108,4.105,361.29,350,150,2700,20,5,2.33,2.42,5,2,929
2020/12/26,8108,4.105,363.4,345,180,2685,16,4,2.33,2.42,5,2,928
2020/12/27,8108,4.105,363.54,340,170,2700,0,0,2.33,2.42,4,1,931
2020/12/28,8108,4.105,363.4,350,150,2710,0,0,2.37,2.5,6,2,927
2020/12/29,8108,4.105,363.47,350,160,2715,0,0,2.37,2.5,4,1,928
2020/12/30,8108,4.105,363.29,345,170,2700,8,2,2.37,2.5,6,2,932
2020/12/31,8108,4.105,363.76,340,150,2700,20,5,2.08,2.48,4,1,935
2021/1/1,8108,4.105,363.45,330,150,2700,20,5,2.08,2.48,3,1,934
2021/1/2,8108,4.104,363.46,325,180,2695,12,3,2.08,2.48,4,1,930
2021/1/3,8108,4.103,363.5,335,160,2700,20,5,2.08,2.48,5,3,931
2021/1/4,8108,4.103,363.47,330,150,2680,20,5,2.5,2.39,3,1,930
2021/1/5,8108,4.103,363.48,335,160,2695,20,5,2.5,2.39,5,1,930
2021/1/6,8108,4.103,363.47,325,160,2695,20,5,2.5,2.39,4,1,927
2021/1/7,8108,4.103,363.57,335,150,2685,20,5,2.5,2.39,3,1,937
2021/1/8,8108,4.103,363.42,335,150,2700,20,5,2.5,2.39,4,1,932
2021/1/9,8108,4.103,363.47,340,150,2695,20,5,2.5,2.39,6,1,937
2021/1/10,8108,4.103,363.53,340,150,2705,20,5,2.5,2.39,4,1,936
2021/1/11,8108,4.103,363.45,345,130,2715,20,5,1.9,2.5,6,1,933
2021/1/12,8108,4.103,363.55,350,120,2730,24,6,1.9,2.5,5,1,934
2021/1/13,8108,4.103,363.51,355,130,2705,20,5,1.9,2.5,4,1,934
2021/1/14,8108,4.103,363.53,345,150,2725,24,6,2,2.46,12,1,934
2021/1/15,8108,4.103,363.51,345,130,2715,24,6,2,2.46,7,1,934
2021/1/16,8108,4.102,363.63,350,140,2745,24,6,2,2.46,6,1,932
2021/1/17,8108,4.1,363.53,350,160,2725,24,6,2,2.46,6,1,933
2021/1/18,8108,4.1,363.56,340,140,2715,24,6,1.97,2.57,7,1,931
2021/1/19,8108,4.1,363.48,335,150,2705,28,7,1.97,2.57,6,1,930
2021/1/20,8108,4.1,363.51,340,130,2650,28,7,1.97,2.57,8,1,933
2021/1/21,8108,4.1,363.54,345,140,2706,28,7,1.9,2.48,4,1,931
2021/1/22,8108,4.1,363.53,340,150,2715,28,7,1.9,2.48,4,1,931
2021/1/23,8108,4.1,363.55,340,130,2705,28,7,1.9,2.48,3,3,932
2021/1/24,8108,4.1,363.5,350,130,2720,28,7,1.9,2.48,3,1,931
2021/1/25,8108,4.096,363.53,350,140,2715,28,7,2.69,2.51,3,1,928
2021/1/26,8108,4.09,363.56,340,160,2704,28,7,2.69,2.51,3,1,939
2021/1/27,8108,4.09,361.99,330,160,2715,24,6,2.69,2.51,3,1,933
2021/1/28,8108,4.09,363.49,320,150,2715,28,7,2.66,2.46,6,2,937
2021/1/29,8108,4.09,363.48,315,160,2710,28,7,2.66,2.46,5,1,940
2021/1/30,8108,4.088,363.47,310,180,2695,28,7,2.66,2.46,4,1,941
2021/1/31,8108,4.085,363.55,305,190,2685,28,7,2.66,2.46,3,1,939
2021/2/1,8108,4.085,363.46,305,150,2645,24,6,1.75,2.41,5,1,943
2021/2/2,8108,4.085,363.5,300,150,2650,28,7,1.75,2.41,4,1,942
2021/2/3,8108,4.085,363.49,290,160,2670,28,7,1.75,2.41,4,1,936
2021/2/4,8108,4.085,363.52,300,160,2665,28,7,2.64,2.38,3,1,938
2021/2/5,8108,4.085,363.52,300,160,2650,24,6,2.64,2.38,4,2,935
2021/2/6,8108,4.085,363.52,300,170,2650,24,6,2.64,2.38,3,1,935
2021/2/7,8108,4.085,363.47,305,160,2665,24,6,2.64,2.38,4,2,937
2021/2/8,8108,4.085,363.54,310,160,2695,24,6,2.25,2.47,3,1,934
2021/2/9,8108,4.085,363.51,310,140,2690,28,7,2.25,2.47,3,1,935
2021/2/10,8108,4.085,363.48,305,160,2685,24,6,2.25,2.47,3,3,937
2021/2/11,8108,4.085,363.45,315,130,2695,24,6,1.96,2.45,3,1,936
2021/2/12,8108,4.085,363.54,320,150,2705,28,7,1.96,2.45,4,1,934
2021/2/13,8108,4.085,363.5,320,150,2730,28,7,1.96,2.45,4,1,930
2021/2/14,8108,4.085,363.49,315,150,2715,28,7,1.96,2.45,5,2,940
2021/2/15,8108,4.085,363.47,325,130,2685,24,6,2.36,2.42,5,3,935
2021/2/16,8108,4.085,363.54,320,130,2720,28,7,2.36,2.42,9,1,939
2021/2/17,8108,4.085,363.51,325,150,2700,28,7,2.36,2.42,4,1,938
2021/2/18,8108,4.085,363.46,320,150,2710,28,7,3,2.48,6,1,936
2021/2/19,8108,4.085,363.5,310,150,2710,28,7,3,2.48,4,1,936
2021/2/20,8108,4.085,363.5,315,150,2705,28,7,3,2.48,5,2,934
2021/2/21,8108,4.085,363.5,325,140,2690,28,7,3,2.48,3,1,935
2021/2/22,8108,4.085,363.53,320,150,2700,28,7,2.25,2.44,4,1,932
2021/2/23,8108,4.085,363.51,320,150,2705,28,7,2.25,2.44,3,1,934
2021/2/24,8108,4.085,363.44,315,140,2710,28,7,2.25,2.44,4,1,934
2021/2/25,8108,4.085,363.49,320,140,2715,28,7,2.36,2.47,3,1,932
2021/2/26,8108,4.085,363.47,320,150,2680,32,8,2.36,2.47,5,1,931
2021/2/27,8108,4.083,363.49,325,130,2725,28,7,2.36,2.47,4,1,929
2021/2/28,8108,4.08,363.44,320,120,2695,32,8,2.36,2.47,4,1,930
2021/3/1,8108,4.08,363.5,320,150,2710,28,7,2.85,2.46,3,1,933
2021/3/2,8108,4.08,363.47,315,140,2705,28,7,2.85,2.46,3,2,933
2021/3/3,8108,4.08,363.46,305,160,2705,24,6,2.85,2.46,2,1,929
2021/3/4,8108,4.08,363.51,305,140,2710,28,7,3.48,2.49,4,1,933
2021/3/5,8108,4.078,363.46,315,140,2700,32,8,3.48,2.49,3,1,932
2021/3/6,8108,4.075,363.4,310,150,2715,28,7,3.48,2.49,11,3,932
2021/3/7,8108,4.075,363.44,305,150,2695,32,8,3.48,2.49,7,1,934
2021/3/8,8108,4.075,363.46,310,150,2700,32,8,2.18,2.42,5,0,939
2021/3/9,8108,4.075,363.44,310,160,2710,28,7,2.18,2.42,3,0,939
2021/3/10,8108,4.075,363.38,315,140,2710,32,8,2.18,2.42,2,1,937
2021/3/11,8108,4.075,363.52,315,160,2720,32,8,2.56,2.48,4,1,935
2021/3/12,8108,4.075,363.35,320,160,2700,28,7,2.56,2.48,3,1,935
2021/3/13,8108,4.075,363.44,320,150,2710,32,8,2.56,2.48,3,1,932
2021/3/14,8108,4.075,361.19,325,130,2715,24,6,2.56,2.48,4,2,936
2021/3/15,8108,4.075,359.25,330,160,2705,28,7,2.64,2.4,5,2,934
2021/3/16,8108,4.075,363.43,330,180,2710,32,8,2.64,2.4,4,1,933
2021/3/17,8108,4.075,363.4,325,180,2725,20,5,2.64,2.4,7,3,934
2021/3/18,8108,4.075,363.39,315,170,2700,24,6,2.85,2.5,4,1,932
2021/3/19,8108,4.075,363.44,315,190,2690,24,6,2.85,2.5,4,1,931
2021/3/20,8108,4.075,363.43,320,170,2690,28,7,2.85,2.5,3,1,931
2021/3/21,8108,4.075,363.41,320,140,2695,28,7,2.85,2.5,8,2,932
2021/3/22,8108,4.075,363.35,310,150,2705,32,8,2.43,2.47,3,1,933
2021/3/23,8108,4.075,363.53,320,170,2715,28,7,2.43,2.47,6,1,930
2021/3/24,8108,4.075,363.42,320,160,2710,32,8,2.43,2.47,8,2,932
2021/3/25,8108,4.075,363.5,325,170,2700,32,8,3.23,2.44,4,1,935
2021/3/26,8108,4.075,363.44,325,160,2715,32,8,3.23,2.44,4,1,930
2021/3/27,8108,4.075,363.45,325,170,2720,32,8,3.23,2.44,8,2,929
2021/3/28,8108,4.075,363.51,335,180,2695,28,7,3.23,2.44,4,1,930
2021/3/29,8108,4.075,363.38,340,160,2705,28,7,1.87,2.38,3,1,931
2021/3/30,8108,4.075,363.23,330,160,2735,28,7,1.87,2.38,4,1,930
2021/3/31,8108,4.075,363.41,330,150,2715,28,7,1.87,2.38,5,1,927
2021/4/1,8108,4.075,363.38,320,130,2735,28,7,3.73,2.49,4,1,928
2021/4/2,8108,4.075,363.44,325,160,2725,28,7,3.73,2.49,3,1,925
2021/4/3,8108,4.075,363.36,320,190,2720,28,7,3.73,2.49,6,1,927
2021/4/4,8108,4.075,363.41,310,160,2715,28,7,3.73,2.49,5,1,929
2021/4/5,8108,4.075,363.45,300,170,2685,28,7,3.25,2.41,3,1,930
2021/4/6,8108,4.075,363.41,310,160,2700,28,7,3.25,2.41,5,2,932
2021/4/7,8108,4.075,363.37,310,180,2690,28,7,3.25,2.41,4,1,931
2021/4/8,8108,4.075,363.4,310,180,2660,28,7,3.19,2.39,6,2,933
2021/4/9,8108,4.075,363.39,310,160,2705,28,7,3.19,2.39,2,0,933
2021/4/10,8108,4.075,363.41,300,180,2695,28,7,3.19,2.39,4,1,929
2021/4/11,8108,4.075,363.41,310,150,2690,28,7,3.19,2.39,5,1,929
2021/4/12,8108,4.075,363.41,315,170,2705,24,6,3.79,2.44,4,1,933
2021/4/13,8108,4.075,363.4,310,180,2695,24,6,3.79,2.44,4,1,931
2021/4/14,8108,4.075,363.37,305,160,2700,28,7,3.79,2.44,4,1,934
2021/4/15,8108,4.075,363.4,300,170,2675,28,7,3.67,2.45,5,1,928
2021/4/16,8108,4.075,363.38,295,180,2700,28,7,3.67,2.45,6,1,925
2021/4/17,8108,4.075,363.42,290,170,2665,32,8,3.67,2.45,5,1,933
2021/4/18,8108,4.075,363.39,305,150,2665,32,8,3.67,2.45,5,3,935
2021/4/19,8108,4.075,362.05,305,160,2630,32,8,2.93,2.45,8,5,936
2021/4/20,8108,4.075,363.4,310,150,2655,32,8,2.93,2.45,5,2,937
2021/4/21,8108,4.075,363.4,315,160,2660,32,8,2.93,2.45,3,1,939
2021/4/22,8108,4.075,363.43,320,180,2615,32,8,4.71,2.43,4,1,933
2021/4/23,8108,4.075,363.39,310,170,2610,24,6,4.71,2.43,7,2,938
2021/4/24,8108,4.075,363.41,320,150,2605,12,3,4.71,2.43,4,1,935
2021/4/25,8108,4.075,363.27,315,160,2595,28,7,4.71,2.43,4,1,936
2021/4/26,8108,4.075,363.41,310,170,2640,28,7,5.01,2.38,3,1,933
2021/4/27,8108,4.075,363.33,310,170,2645,28,7,5.01,2.38,2,2,930
2021/4/28,8108,4.075,363.37,310,160,2655,28,7,5.01,2.38,3,2,931
2021/4/29,8108,4.075,363.46,310,140,2675,28,7,4.55,2.4,6,2,931
2021/4/30,8108,4.075,363.35,315,170,2670,28,7,4.55,2.4,4,1,932
2021/5/1,8108,4.075,363.4,315,140,2660,28,7,4.55,2.4,5,1,932
2021/5/2,8108,4.075,363.39,310,160,2680,28,7,4.55,2.4,5,1,929
2021/5/3,8108,4.075,363.35,320,160,2680,28,7,3.51,2.45,9,1,929
2021/5/4,8108,4.075,363.37,310,160,2695,28,7,3.51,2.45,7,1,933
2021/5/5,8108,4.075,363.37,305,180,2660,28,7,3.51,2.45,4,1,931
2021/5/6,8108,4.075,363.38,300,150,2665,12,3,4.56,2.47,6,2,934
2021/5/7,8108,4.075,363.4,295,180,2700,0,0,4.56,2.47,5,1,933
2021/5/8,8108,4.075,363.39,290,170,2600,20,5,4.56,2.47,3,1,934
2021/5/9,8108,4.075,363.38,285,170,2605,28,7,4.56,2.47,5,1,933
2021/5/10,8108,4.075,363.49,290,160,2555,28,7,5.24,2.35,3,1,934
2021/5/11,8108,4.075,363.32,280,160,2540,28,7,5.24,2.35,6,1,931
2021/5/12,8108,4.075,363.43,275,170,2550,28,7,5.24,2.35,2,1,934
2021/5/13,8108,4.075,363.36,275,160,2555,28,7,4.46,2.46,3,0,930
2021/5/14,8108,4.075,363.47,280,170,2550,28,7,4.46,2.46,3,1,927
2021/5/15,8108,4.075,363.38,280,180,2521,32,8,4.46,2.46,4,1,933
2021/5/16,8108,4.075,363.39,295,170,2555,28,7,4.46,2.46,3,1,933
2021/5/17,8108,4.075,363.37,300,170,2555,28,7,3.06,2.4,4,1,934
2021/5/18,8108,4.075,363.37,285,170,2545,28,7,3.06,2.4,6,1,930
2021/5/19,8108,4.075,363.36,295,170,2560,28,7,3.06,2.4,4,2,927
2021/5/20,8108,4.075,363.38,295,200,2550,28,7,4.5,2.47,3,1,927
2021/5/21,8108,4.075,363.34,300,190,2610,28,7,4.5,2.47,3,1,933
2021/5/22,8108,4.075,363.39,295,190,2595,16,4,4.5,2.47,14,3,937
2021/5/23,8108,4.075,363.36,290,170,2615,0,0,4.5,2.47,5,1,932
2021/5/24,8108,4.075,363.38,305,170,2620,0,0,3.97,2.46,6,1,933
2021/5/25,8108,4.075,363.4,295,150,2585,0,0,3.97,2.46,3,1,930
2021/5/26,8108,4.075,363.38,300,150,2585,0,0,3.97,2.46,4,1,931
2021/5/27,8108,4.075,363.41,310,170,2670,12,3,3.81,2.38,3,1,933
2021/5/28,8108,4.075,363.48,310,170,2645,24,6,3.81,2.38,3,1,934
2021/5/29,8108,4.075,363.35,305,170,2650,28,7,3.81,2.38,6,1,930
2021/5/30,8108,4.075,363.43,310,170,2689,32,8,3.81,2.38,3,1,930
2021/5/31,8108,4.075,363.37,315,170,2685,28,7,4.3,2.43,2,0,933
2021/6/1,8108,4.075,363.31,315,170,2660,28,7,4.3,2.43,3,0,932
2021/6/2,8108,4.075,363.35,315,160,2680,28,7,4.3,2.43,5,1,935
2021/6/3,8108,4.075,363.42,315,170,2675,24,6,3.66,2.43,5,1,937
2021/6/4,8108,4.075,363.35,315,200,2664,0,0,3.66,2.43,4,1,941
2021/6/5,8108,4.075,363.36,315,160,2690,0,0,3.66,2.43,9,1,937
2021/6/6,8108,4.075,359.91,315,170,2695,0,0,3.66,2.43,13,1,938
2021/6/7,8108,4.075,360.23,310,160,2695,0,0,4.4,2.41,6,1,933
2021/6/8,8108,4.075,363.35,310,160,2731,8,2,4.4,2.41,5,1,934
2021/6/9,8108,4.075,363.3,305,160,2690,16,4,4.4,2.41,5,1,930
2021/6/10,8108,4.075,358.66,300,150,2670,16,4,3.64,2.47,3,1,932
2021/6/11,8108,4.075,363.29,305,170,2680,16,4,3.64,2.47,5,1,933
2021/6/12,8108,4.075,363.14,305,160,2655,16,4,3.64,2.47,4,1,932
2021/6/13,8108,4.075,362.9,300,160,2650,16,4,3.64,2.47,5,4,933
2021/6/14,8108,4.075,362.87,295,170,2645,16,4,4.65,2.46,3,2,938
2021/6/15,8108,4.072,362.87,300,160,2615,16,4,4.65,2.46,4,1,934
2021/6/16,8108,4.07,362.84,310,150,2575,16,4,4.65,2.46,3,1,933
2021/6/17,8108,4.07,362.84,305,150,2615,20,5,4.65,2.46,6,2,934
2021/6/18,8108,4.07,362.84,305,150,2645,20,5,4.45,2.43,3,1,930
2021/6/19,8108,4.07,362.82,300,160,2655,20,5,4.45,2.43,3,3,934
2021/6/20,8108,4.07,362.9,295,150,2645,20,5,4.45,2.43,4,1,934
2021/6/21,8108,4.07,362.85,290,170,2680,20,5,3.65,2.47,3,1,934
2021/6/22,8108,4.07,362.87,285,180,2605,20,5,3.65,2.47,3,1,935
2021/6/23,8108,4.07,359.01,290,150,2620,20,5,3.65,2.47,5,1,932
2021/6/24,8108,4.07,362.85,285,150,2608,24,6,3.37,2.42,4,2,933
2021/6/25,8108,4.07,362.83,285,160,2585,24,6,3.37,2.42,3,1,935
2021/6/26,8108,4.07,362.85,290,150,2595,24,6,3.37,2.42,5,2,936
2021/6/27,8108,4.07,362.89,310,150,2600,24,6,3.37,2.42,4,1,940
2021/6/28,8108,4.07,362.86,310,120,2600,24,6,3.85,2.49,7,1,933
2021/6/29,8108,4.067,362.86,305,140,2645,28,7,3.85,2.49,4,1,933
2021/6/30,8108,4.065,362.88,310,130,2674,28,7,3.85,2.49,7,1,940
2021/7/1,8108,4.065,362.84,315,130,2650,28,7,5.27,2.4,7,1,935
2021/7/2,8108,4.065,362.92,305,140,2670,28,7,5.27,2.4,3,1,935
2021/7/3,8108,4.065,362.87,305,130,2695,28,7,5.27,2.4,4,1,937
2021/7/4,8108,4.065,362.9,305,140,2675,28,7,5.27,2.4,3,1,935
2021/7/5,8108,4.065,362.87,315,130,2705,28,7,4.54,2.37,5,1,936
2021/7/6,8108,4.065,362.91,305,140,2685,24,6,4.54,2.37,4,2,936
2021/7/7,8108,4.065,362.83,305,160,2700,28,7,4.54,2.37,4,1,937
2021/7/8,8108,4.065,362.89,310,140,2690,28,7,2.14,2.52,4,1,935
2021/7/9,8108,4.065,362.9,305,140,2685,24,6,2.14,2.52,3,1,933
2021/7/10,8108,4.065,362.85,305,140,2675,28,7,2.14,2.52,4,1,930
2021/7/11,8108,4.064,362.87,300,150,2695,28,7,2.14,2.52,3,1,934
2021/7/12,8108,4.063,362.89,300,150,2670,32,8,2.14,2.52,5,1,933
2021/7/13,8108,4.063,362.86,300,170,2690,24,6,2.14,2.52,4,1,933
2021/7/14,8108,4.062,362.92,295,160,2700,28,7,2.14,2.52,5,1,940
2021/7/15,8108,4.06,362.9,295,160,2680,28,7,1.76,2.47,5,2,936
2021/7/16,8108,4.06,362.84,290,150,2680,28,7,1.76,2.47,6,2,937
2021/7/17,8108,4.06,362.86,300,160,2695,28,7,1.76,2.47,4,1,936
2021/7/18,8108,4.06,362.88,290,160,2675,28,7,1.76,2.47,3,1,935
2021/7/19,8108,4.06,362.9,285,150,2685,28,7,1.76,2.47,4,1,930
2021/7/20,8108,4.06,362.87,290,140,2650,28,7,1.76,2.47,3,1,934
2021/7/21,8108,4.058,362.86,300,150,2672,28,7,2.07,2.52,3,1,936
2021/7/22,8108,4.057,362.88,295,150,2655,32,8,2.32,2.56,5,2,936
2021/7/23,8108,4.057,362.91,285,160,2644,32,8,2.32,2.56,4,1,934
2021/7/24,8108,4.057,362.98,295,160,2660,32,8,2.32,2.56,4,1,937
2021/7/25,8108,4.057,362.98,300,150,2655,32,8,2.32,2.56,3,1,935
2021/7/26,8108,4.057,363.12,295,180,2655,32,8,2.32,2.56,4,1,934
2021/7/27,8108,4.057,359.8,300,140,2685,32,8,2.32,2.56,6,3,937
2021/7/28,8108,4.057,361.92,295,160,2640,32,8,2.32,2.56,3,1,938
2021/7/29,8108,4.057,361.25,295,150,2655,32,8,1.83,2.53,3,0,938
2021/7/30,8108,4.057,361.6,300,160,2650,28,7,1.83,2.53,6,5,940
2021/7/31,8108,4.057,360.79,305,170,2690,28,7,1.83,2.53,5,1,935
2021/8/1,8108,4.057,361.76,300,160,2685,28,7,1.83,2.53,5,1,937
2021/8/2,8108,4.057,361.65,300,140,2665,28,7,1.66,2.52,7,1,937
2021/8/3,8108,4.057,361.61,295,160,2685,28,7,1.66,2.52,7,1,935
2021/8/4,8108,4.057,361.43,305,150,2675,28,7,1.66,2.52,6,1,935
2021/8/5,8108,4.057,361.42,300,150,2670,28,7,2.25,2.5,5,1,938
2021/8/6,8108,4.057,361.34,310,130,2680,28,7,2.25,2.5,4,1,934
2021/8/7,8108,4.057,361.31,310,150,2680,28,7,2.25,2.5,4,1,931
2021/8/8,8108,4.056,361.31,300,140,2705,28,7,2.25,2.5,3,1,934
2021/8/9,8108,4.055,361.34,295,170,2680,28,7,3.57,2.38,4,1,933
2021/8/10,8108,4.055,361.31,290,160,2680,28,7,3.57,2.38,5,1,931
2021/8/11,8108,4.055,361.35,300,140,2615,24,6,3.57,2.38,4,1,932
2021/8/12,8108,4.055,361.28,295,130,2625,24,6,2.9,2.35,8,1,940
2021/8/13,8108,4.055,361.3,300,120,2675,24,6,2.9,2.35,3,1,936
2021/8/14,8108,4.055,361.27,300,120,2670,24,6,2.9,2.35,6,1,937
2021/8/15,8108,4.055,361.26,300,140,2665,24,6,2.9,2.35,4,1,933
2021/8/16,8108,4.053,361.37,310,130,2670,24,6,2.53,2.58,3,1,933
2021/8/17,8108,4.05,361.26,305,140,2675,28,7,2.53,2.58,8,1,931
2021/8/18,8108,4.05,361.25,300,150,2695,32,8,2.53,2.58,5,1,934
2021/8/19,8108,4.05,361.4,300,130,2670,32,8,2.48,2.44,5,1,934
2021/8/20,8108,4.05,361.2,295,130,2670,32,8,2.48,2.44,4,1,933
2021/8/21,8108,4.05,361.29,300,150,2680,32,8,2.48,2.44,3,1,931
2021/8/22,8108,4.05,361.21,300,150,2705,28,7,2.48,2.44,8,2,934
2021/8/23,8108,4.05,361.08,300,160,2680,28,7,2.25,2.56,5,1,937
2021/8/24,8108,4.05,361.13,300,160,2695,32,8,2.25,2.56,5,1,938
2021/8/25,8108,4.05,361.22,290,150,2685,32,8,2.25,2.56,4,1,937
2021/8/26,8108,4.05,361.23,300,160,2655,24,6,2.25,2.56,3,1,935
2021/8/27,8108,4.05,361.22,300,160,2660,24,6,2.38,2.47,3,1,935
2021/8/28,8108,4.05,361.31,305,160,2675,24,6,2.38,2.47,7,1,930
2021/8/29,8108,4.05,361.26,305,140,2660,20,5,2.38,2.47,5,2,932
2021/8/30,8108,4.05,361.2,315,140,2685,20,5,2.64,2.55,5,2,938
2021/8/31,8108,4.05,361.23,320,150,2675,20,5,2.64,2.55,8,1,941
2021/9/1,8108,4.05,361.2,330,150,2685,20,5,2.64,2.55,6,1,941
2021/9/2,8108,4.05,361.21,330,140,2700,20,5,2.52,2.58,27,5,941
2021/9/3,8108,4.05,361.2,335,160,2715,20,5,2.52,2.58,8,2,940
2021/9/4,8108,4.05,361.18,330,160,2710,20,5,2.52,2.58,5,1,938
2021/9/5,8108,4.05,361.1,320,150,2735,24,6,2.52,2.58,5,1,935
2021/9/6,8108,4.05,361.14,320,150,2670,28,7,2.37,2.64,4,1,937
2021/9/7,8108,4.05,361.12,310,150,2660,28,7,2.37,2.64,3,4,934
2021/9/8,8108,4.05,361.19,310,150,2670,32,8,2.37,2.64,4,1,933
2021/9/9,8108,4.05,361.22,315,160,2680,32,8,2.37,2.64,4,2,932
2021/9/10,8108,4.05,361.19,310,160,2670,32,8,2.69,2.65,3,1,930
2021/9/11,8108,4.05,361.27,310,160,2680,32,8,2.69,2.65,6,1,930
2021/9/12,8108,4.05,361.23,310,150,2685,32,8,2.69,2.65,3,1,928
2021/9/13,8108,4.05,361.26,305,150,2685,28,7,3.04,2.53,3,1,931
2021/9/14,8108,4.05,361.14,300,150,2705,28,7,3.04,2.53,4,1,935
2021/9/15,8108,4.05,361.12,295,180,2660,28,7,3.04,2.53,3,1,934
2021/9/16,8108,4.05,361.14,305,160,2640,32,8,2.8,2.54,3,1,932
2021/9/17,8108,4.05,361.16,300,170,2645,32,8,2.8,2.54,2,1,934
2021/9/18,8108,4.047,361.17,305,150,2670,32,8,2.8,2.54,2,1,936
2021/9/19,8108,4.045,361.15,310,150,2665,32,8,2.8,2.54,5,2,934
2021/9/20,8108,4.045,361.13,305,180,2680,32,8,2.86,2.4,5,1,934
2021/9/21,8108,4.045,361.19,300,160,2625,32,8,2.86,2.4,3,1,934
2021/9/22,8108,4.045,361.19,295,160,2660,32,8,2.86,2.4,3,1,934
2021/9/23,8108,4.044,361.21,300,170,2655,32,8,2.47,2.51,3,1,936
2021/9/24,8108,4.043,361.16,295,180,2650,32,8,2.47,2.51,5,3,934
2021/9/25,8108,4.042,361.21,305,160,2670,32,8,2.47,2.51,3,1,932
2021/9/26,8108,4.04,361.18,300,170,2645,32,8,2.47,2.51,7,2,934
2021/9/27,8108,4.04,361.18,290,160,2650,32,8,3.09,2.55,7,2,931
2021/9/28,8108,4.04,361.12,295,170,2645,32,8,3.09,2.55,4,1,929
2021/9/29,8108,4.04,361.24,295,170,2645,28,7,3.09,2.55,3,1,932
2021/9/30,8108,4.04,361.21,295,150,2630,32,8,4.1,2.41,5,2,936
2021/10/1,8108,4.04,361.26,305,160,2625,32,8,4.1,2.41,3,0,934
2021/10/2,8108,4.038,361.25,310,150,2635,32,8,4.1,2.41,3,1,932
2021/10/3,8108,4.035,361.23,305,150,2640,32,8,4.1,2.41,4,1,936
2021/10/4,8108,4.035,361.18,315,150,2640,32,8,2.05,2.53,3,1,936
2021/10/5,8108,4.035,361.08,310,150,2650,32,8,2.05,2.53,6,2,940
2021/10/6,8108,4.035,361.09,320,160,2665,32,8,2.05,2.53,3,1,939
2021/10/7,8108,4.035,361.06,320,160,2655,32,8,2.52,2.53,8,1,934
2021/10/8,8108,4.035,361.1,310,150,2670,32,8,2.52,2.53,9,1,930
2021/10/9,8108,4.035,361.03,310,160,2710,32,8,2.52,2.53,7,1,934
2021/10/10,8108,4.035,361.06,300,160,2685,32,8,2.52,2.53,4,1,934
2021/10/11,8108,4.035,361.3,310,180,2675,32,8,2.34,2.52,4,1,932
2021/10/12,8108,4.035,361.57,305,160,2670,32,8,2.34,2.52,4,1,930
2021/10/13,8108,4.034,361.54,310,160,2685,32,8,2.34,2.52,3,1,934
2021/10/14,8108,4.032,361.48,305,160,2665,32,8,2.58,2.44,7,2,927
2021/10/15,8108,4.032,361.41,315,140,2645,32,8,2.58,2.44,4,1,931
2021/10/16,8108,4.032,361.45,310,150,2670,32,8,2.58,2.44,6,2,939
2021/10/17,8108,4.032,361.47,315,170,2675,32,8,2.58,2.44,6,1,932
2021/10/18,8108,4.032,361.47,310,180,2700,32,8,3.44,2.4,5,2,932
2021/10/19,8108,4.032,361.54,310,170,2711,32,8,3.44,2.4,5,1,928
2021/10/20,8108,4.032,361.51,305,170,2695,32,8,3.44,2.4,3,1,928
2021/10/21,8108,4.032,361.44,300,190,2705,32,8,2.38,2.4,3,1,930
2021/10/22,8108,4.032,361.48,300,160,2695,32,8,2.38,2.4,6,1,937
2021/10/23,8108,4.032,361.52,295,170,2690,32,8,2.38,2.4,5,1,932
2021/10/24,8108,4.031,361.54,295,160,2675,32,8,2.38,2.4,3,1,932
2021/10/25,8108,4.03,361.54,300,160,2650,32,8,2.24,2.48,3,1,933
2021/10/26,8108,4.03,361.5,300,170,2655,36,9,2.24,2.48,3,1,933
2021/10/27,8108,4.03,361.6,305,160,2645,36,9,2.24,2.48,5,1,935
2021/10/28,8108,4.03,361.5,295,170,2635,36,9,3.41,2.53,4,1,935
2021/10/29,8108,4.03,361.5,300,160,2645,36,9,3.41,2.53,3,1,938
2021/10/30,8108,4.03,361.6,290,160,2650,36,9,3.41,2.53,4,1,933
2021/10/31,8108,4.03,361.5,295,130,2660,36,9,3.41,2.53,4,3,930
2021/11/1,8108,4.03,361.5,290,160,2660,36,9,2.36,2.48,3,0,936
2021/11/2,8108,4.03,361.5,300,160,2640,36,9,2.36,2.48,4,1,938
2021/11/3,8108,4.03,361.5,310,170,2670,36,9,2.36,2.48,8,3,937
2021/11/4,8108,4.03,361.5,315,150,2655,36,9,2.22,2.45,3,1,938
2021/11/5,8108,4.03,361.5,310,140,2650,36,9,2.22,2.45,4,1,935
2021/11/6,8108,4.03,361.5,325,130,2650,36,9,2.22,2.45,4,1,929
2021/11/7,8108,4.03,361.6,325,140,2675,32,8,2.22,2.45,12,3,930
2021/11/8,8108,4.03,361.6,320,160,2670,36,9,2.99,2.46,5,1,930
2021/11/9,8108,4.03,361.5,320,170,2690,36,9,2.99,2.46,7,1,932
2021/11/10,8108,4.03,361.5,315,170,2690,32,8,2.99,2.46,12,3,930
2021/11/11,8108,4.03,361.5,315,150,2660,36,9,2.23,2.38,11,2,933
2021/11/12,8108,4.03,361.6,310,160,2635,36,9,2.23,2.38,7,1,936
2021/11/13,8108,4.03,361.5,305,160,2655,36,9,2.23,2.38,9,1,938
2021/11/14,8108,4.03,361.6,305,170,2635,36,9,2.23,2.38,7,1,933
